design_position,orientation_id,Theta_1,Theta_2,Phi,leverage
1,328,116.36,93.519999999999996,4.0800000000000001,0.90676326878889602
2,232,88.159999999999997,105.22,164.97999999999999,0.88422490502675666
3,167,61.700000000000003,83.299999999999997,90.299999999999997,0.86208063117142419
4,149,57.859999999999999,78.629999999999995,36.350000000000001,0.8496139235097917
5,218,82.950000000000003,97.209999999999994,87.75,0.81651911222501861
6,50,19.170000000000002,83.870000000000005,18.940000000000001,0.79585806435497153
7,282,101.62,88.480000000000004,172.28,0.79109814790570709
8,411,151.05000000000001,57.079999999999998,13.69,0.78169229901005888
9,423,154.69999999999999,52.109999999999999,177.69,0.77777291692197137
10,159,59.799999999999997,69.359999999999999,175.93000000000001,0.77356747297146899
11,347,129.13,67.069999999999993,61.170000000000002,0.75571946619536057
12,248,92.689999999999998,98.930000000000007,63.630000000000003,0.73065215596173627
13,172,63.210000000000001,106.81999999999999,71.980000000000004,0.73515003507604626
14,302,108.31,69.890000000000001,10.06,0.72543835092744624
15,385,142.38,112.03,162.66999999999999,0.72108388903941067
16,406,150.08000000000001,84.530000000000001,10.52,0.72945485068692784
17,136,52.649999999999999,74.5,5.46,0.71991271752084995
18,318,113.78,71.870000000000005,147.66999999999999,0.72135965885028319
19,331,123.58,86.989999999999995,99.849999999999994,0.70788772307048586
20,153,58.43,68.170000000000002,154.38,0.73023626588030188
21,267,96.930000000000007,40.200000000000003,7.4500000000000002,0.65547482902372112
22,68,27.699999999999999,105.47,60.140000000000001,0.6626734207772953
23,451,165.5,55.240000000000002,166.41,0.66418404151521904
24,303,108.64,84.560000000000002,51.310000000000002,0.6520781226680904
25,352,131.16999999999999,102.37,173.41999999999999,0.67795609218283048
26,280,101.2,79.780000000000001,72,0.66144555652656434
27,92,34.950000000000003,78.069999999999993,11.56,0.63536239920409032
28,383,142.13,92.790000000000006,100.76000000000001,0.62283645627809392
29,314,112.59,77.040000000000006,3.4100000000000001,0.68623890887944272
30,44,16.640000000000001,85.159999999999997,101.47,0.62227955504037946
31,453,165.65000000000001,106.2,176.58000000000001,0.67478536663399136
32,257,95.200000000000003,60.399999999999999,164.84999999999999,0.63971128827995449
33,300,106.58,114.12,33.299999999999997,0.6012433924437548
34,367,136.40000000000001,128.28999999999999,113.84,0.59618496728790582
35,122,48.060000000000002,99.530000000000001,85.379999999999995,0.60447251966423232
36,326,115.94,71.030000000000001,129.03999999999999,0.65759395188836822
37,390,144.75,88.510000000000005,56.93,0.58940006681541912
38,324,115.42,118.2,161.59999999999999,0.63664849470743801
39,230,87.609999999999999,104.61,42.100000000000001,0.63700278567523083
40,360,133.56999999999999,37.079999999999998,2.2799999999999998,0.55414309638099724
41,474,170.19999999999999,66,155.50999999999999,0.60996443809422285
42,126,49.579999999999998,128.90000000000001,30.109999999999999,0.55210907391120034
43,363,134.75999999999999,92.459999999999994,115.88,0.5767265188681262
44,386,142.94999999999999,105.44,35.130000000000003,0.53685349040101715
45,307,109.04000000000001,76.200000000000003,169.38,0.63019010852623514
46,203,74.900000000000006,22.68,22.329999999999998,0.50932814156000727
47,479,173.69999999999999,97.019999999999996,98.420000000000002,0.51786587625138836
48,205,76.239999999999995,36.979999999999997,152.33000000000001,0.51885851262194937
49,105,41.299999999999997,76.969999999999999,149.00999999999999,0.5249935785947788
50,426,156.62,72.219999999999999,101.23,0.50567769776285765
51,270,97.790000000000006,74.680000000000007,126.51000000000001,0.54108642967420739
52,146,56.43,140.18000000000001,5.8700000000000001,0.49847674691931976
53,306,108.88,116.97,59.909999999999997,0.49089592879440691
54,85,33.630000000000003,43.240000000000002,2.5299999999999998,0.46952439417663394
55,179,66.530000000000001,37.159999999999997,15.24,0.47657449744549424
56,330,123.56999999999999,114.59,65.109999999999999,0.45466626388691328
57,243,91.480000000000004,118.48999999999999,157.46000000000001,0.51292494528280308
58,123,48.280000000000001,83.420000000000002,149.03999999999999,0.46698907596130906
59,381,140.41999999999999,122.77,61.310000000000002,0.48799627191402262
60,376,138.75,76.5,178.43000000000001,0.480821844463373
61,275,98.769999999999996,126.56999999999999,20.960000000000001,0.61131065765306691
62,110,42.170000000000002,99.409999999999997,89.629999999999995,0.59571425816255896
63,43,15.67,116.93000000000001,89.290000000000006,0.43178903945398833
64,2,0.39000000000000001,90.099999999999994,145.06999999999999,0.43436416673460998
65,304,108.81999999999999,59.920000000000002,57.100000000000001,0.45542778178538401
66,58,23.629999999999999,118.8,27.77,0.51678418289171013
67,450,164.63999999999999,51.75,2.5699999999999998,0.41257858305632389
68,261,96,121.09,102.90000000000001,0.45747074011551525
69,152,58.060000000000002,46.880000000000003,10.970000000000001,0.42233046225079329
70,162,60.170000000000002,122.13,80.120000000000005,0.4929244804011631
71,290,103.18000000000001,66.260000000000005,32.689999999999998,0.45773545009686833
72,372,137.34,88.969999999999999,6.8399999999999999,0.48842680105863678
73,191,70.879999999999995,161.24000000000001,16.059999999999999,0.4768459363275786
74,142,55.299999999999997,22.559999999999999,171.66,0.43058006533907045
75,439,160.75999999999999,71.379999999999995,137.81999999999999,0.42182911035462051
76,100,38.640000000000001,20.969999999999999,15.33,0.4057359827658763
77,81,31.34,110.8,37.299999999999997,0.39507117559251181
78,446,162.46000000000001,164.25,12.359999999999999,0.41668504159824571
79,420,154.44,152.31999999999999,178.68000000000001,0.38872418364568528
80,165,60.759999999999998,142.06,61.240000000000002,0.40132478858271964
81,384,142.28,41.719999999999999,34.340000000000003,0.44089145809987257
82,25,8.2300000000000004,13.18,167.75,0.3623482454816585
83,69,27.77,85.920000000000002,49.960000000000001,0.47317552505479593
84,355,132.46000000000001,71.629999999999995,135.13999999999999,0.39461595422468693
85,211,79.189999999999998,79.609999999999999,126.88,0.40721267083973695
86,374,138.12,144.77000000000001,84.980000000000004,0.36860380757171796
87,161,60.170000000000002,49.549999999999997,39.82,0.41782355051475978
88,103,40.659999999999997,168.41999999999999,8.6099999999999994,0.37831562827083759
89,54,21.57,71.150000000000006,104.58,0.41799668176638854
90,459,166.47999999999999,68.560000000000002,59.25,0.44834342961544754
91,26,9.1400000000000006,53.840000000000003,167.78,0.40013503884456553
92,305,108.84999999999999,88.030000000000001,29.039999999999999,0.45640946963046564
93,215,81.390000000000001,149.00999999999999,167.49000000000001,0.43196408667677921
94,59,24.140000000000001,40.240000000000002,51.700000000000003,0.35811828347346725
95,135,51.619999999999997,55.700000000000003,68.170000000000002,0.46820265623074342
96,73,28.829999999999998,163.43000000000001,179.53999999999999,0.328874070733289
97,273,97.989999999999995,157,163.96000000000001,0.43632332026752302
98,452,165.59,47.079999999999998,125.52,0.3538321027586645
99,47,17.079999999999998,144.94,53.289999999999999,0.3494316344719004
100,169,62.609999999999999,28.030000000000001,31.109999999999999,0.33967409093551715
101,83,31.789999999999999,138.80000000000001,121.20999999999999,0.33123140426658215
102,186,69.010000000000005,124.12,86.700000000000003,0.35492655643459309
103,412,151.99000000000001,56.039999999999999,82.219999999999999,0.33873420987063896
104,441,160.97999999999999,14.300000000000001,37.619999999999997,0.30655533665932944
105,388,144.38999999999999,126.83,107.47,0.37021908629929229
106,394,146.28,80.579999999999998,20.890000000000001,0.49623180251569293
107,283,101.81999999999999,151.08000000000001,92.560000000000002,0.31614023452503065
108,224,84.680000000000007,43.509999999999998,140.5,0.31407152759038187
109,351,131.00999999999999,44.399999999999999,167.97999999999999,0.27722263573446948
110,353,131.18000000000001,15.73,25.98,0.33187939745072076
111,258,95.459999999999994,49.950000000000003,127.66,0.30005079915659916
112,443,161.59999999999999,90.819999999999993,47.560000000000002,0.35555148165657524
113,281,101.39,58.369999999999997,88.819999999999993,0.2786621877968139
114,354,131.34,23.050000000000001,104.22,0.3466969257459126
115,63,25.239999999999998,49.399999999999999,138.21000000000001,0.36466403967726718
116,323,115.23999999999999,141.5,74.200000000000003,0.27057132301225667
117,118,46.530000000000001,20.329999999999998,20.850000000000001,0.26971502103443806
118,241,91.129999999999995,176.87,145.15000000000001,0.23783178560133783
119,106,41.5,135.62,135.34999999999999,0.29087264636183885
120,410,150.93000000000001,81.799999999999997,149.31999999999999,0.30029005383033369
121,475,170.52000000000001,41.390000000000001,155.09999999999999,0.32488899911670699
122,133,51.439999999999998,40.299999999999997,169.47999999999999,0.50088988557219327
123,288,102.70999999999999,133.63,40.399999999999999,0.25382381648813734
124,227,86.859999999999999,51.170000000000002,80.540000000000006,0.34186442658344229
125,125,49.020000000000003,137.91999999999999,138.72,0.26717592961364345
126,22,6.7999999999999998,73,152.53,0.21790599982141526
127,473,170.15000000000001,25.399999999999999,166.56999999999999,0.24096028121890961
128,329,120.79000000000001,33.609999999999999,124.09999999999999,0.28391352593739433
129,111,42.200000000000003,145.49000000000001,177.43000000000001,0.26141952101630028
130,242,91.390000000000001,147.02000000000001,32.740000000000002,0.29429640844173743
131,134,51.549999999999997,47.229999999999997,111.09,0.29989000701587021
132,407,150.31,20.859999999999999,28.850000000000001,0.33743525983947026
133,157,59.060000000000002,175.83000000000001,136.22999999999999,0.20896432837558349
134,399,148.12,37.469999999999999,55.100000000000001,0.28962528728641251
135,56,23.149999999999999,147.46000000000001,177.56,0.25476198381539372
136,31,10.51,32.950000000000003,105.84,0.25030189577384809
137,486,174.97999999999999,0.77000000000000002,15.789999999999999,0.17101366603235063
138,312,112.38,32.079999999999998,72.469999999999999,0.24101281401715455
139,465,168.09999999999999,116.76000000000001,53.990000000000002,0.38642638971413462
140,408,150.78,65.510000000000005,134.21000000000001,0.30423336370472021
141,236,89.260000000000005,22.77,68.530000000000001,0.24165029129874027
142,279,100.97,176.16,108.53,0.19697136710837843
143,346,129.08000000000001,61.359999999999999,152.12,0.30464422183082407
144,187,69.560000000000002,4.4800000000000004,17.379999999999999,0.1741866154366539
145,52,21.449999999999999,150.08000000000001,88.569999999999993,0.22957544481064365
146,5,1.49,121.09999999999999,69.290000000000006,0.161972280152412
147,173,63.689999999999998,170.38999999999999,35.630000000000003,0.16647290468145964
148,335,124.98,166.38999999999999,9.7599999999999998,0.1945055355327347
149,387,144.16999999999999,153.87,82.319999999999993,0.22540078023207216
150,277,100.17,141,125.18000000000001,0.24080554655711897
151,1,0.35999999999999999,35.409999999999997,66.230000000000004,0.12210288150854566
152,30,10.48,7.5499999999999998,84.170000000000002,0.13260795049655821
153,309,109.56,87.459999999999994,174.33000000000001,0.39553983638390178
154,45,16.969999999999999,73.939999999999998,57.990000000000002,0.38249609354022479
155,46,17.07,36.990000000000002,161.15000000000001,0.38942283465320016
156,414,152.83000000000001,22.399999999999999,69.25,0.13847728468428752
157,371,137.19,55.369999999999997,24.460000000000001,0.37306791521560556
158,102,39.979999999999997,54.399999999999999,91.730000000000004,0.43032419396997029
159,417,153.99000000000001,2.8700000000000001,148.93000000000001,0.16254759291937698
160,396,147.34,124.93000000000001,92.989999999999995,0.22268154477105498
161,219,83.069999999999993,94.060000000000002,32.369999999999997,0.4138024002370328
162,294,105.34,153.09,121.59999999999999,0.14745033504606417
163,49,19.100000000000001,41.950000000000003,5.0199999999999996,0.42540629299445648
164,250,93.319999999999993,122.69,41.719999999999999,0.32121750678160765
165,51,20.739999999999998,61.210000000000001,133.00999999999999,0.36572107098096568
166,168,61.729999999999997,122.84999999999999,44.840000000000003,0.67107166692715081
167,139,54.219999999999999,155.69,78.370000000000005,0.21310609977177403
168,342,126.68000000000001,146.22999999999999,2.4300000000000002,0.31200702049550788
169,202,74.609999999999999,108.70999999999999,61.280000000000001,0.37829053469478946
170,96,36.390000000000001,105.69,123.08,0.39699917925503431
171,292,103.48999999999999,111.58,160.05000000000001,0.57855437554218958
172,198,73.310000000000002,48.719999999999999,83.430000000000007,0.31482455088247757
173,375,138.30000000000001,66.079999999999998,158.40000000000001,0.36610861840810893
174,244,91.540000000000006,47.920000000000002,163.69,0.42604489388449329
175,321,114.5,56.75,129.78,0.47234225191860801
176,401,148.52000000000001,172.03,33.829999999999998,0.25991951273492953
177,436,158.81,120.69,92.480000000000004,0.4038202680455979
178,370,136.72,151.5,177.75999999999999,0.51705439576140133
179,325,115.66,58.579999999999998,103.15000000000001,0.47455597036665431
180,425,155.75999999999999,163.38,149.28999999999999,0.20444957676767311
181,163,60.359999999999999,123.23,9.4299999999999997,0.60805967736390421
182,88,34.299999999999997,54.359999999999999,29.07,0.32577068490282124
183,137,53.189999999999998,64.739999999999995,4.9100000000000001,0.51224519151418479
184,41,14.59,92.5,48.479999999999997,0.37818037173505659
185,266,96.590000000000003,11.630000000000001,166.69999999999999,0.27772092674041382
186,337,125.68000000000001,70.760000000000005,87.730000000000004,0.4754678744798479
187,183,68.099999999999994,155.36000000000001,150.91999999999999,0.30491352058005972
188,437,159.13,78.829999999999998,86.549999999999997,0.42831523469498189
189,348,129.28,174.36000000000001,1.8400000000000001,0.24089064768328547
190,214,79.890000000000001,118.84999999999999,50.090000000000003,0.39105069415836669
191,91,34.740000000000002,72.790000000000006,139.94,0.53364041466501344
192,358,133.16,128.65000000000001,96.920000000000002,0.43355936653419103
193,260,95.760000000000005,119.37,75.069999999999993,0.20933386892866818
194,64,25.579999999999998,90.140000000000001,22.129999999999999,0.47960160148209563
195,468,168.77000000000001,155.34,145.53999999999999,0.30699745394241873
196,495,178.59999999999999,14.77,48.329999999999998,0.16300585034231724
197,176,65.120000000000005,153.56999999999999,47.579999999999998,0.29140781128611604
198,405,149.84999999999999,140.15000000000001,154.21000000000001,0.40479946037640024
199,36,11.91,142.74000000000001,110.45999999999999,0.19249422944221484
200,295,105.78,108.81,50.359999999999999,0.49007466038700104
201,93,35,67.510000000000005,91.719999999999999,0.51379278302605369
202,112,42.259999999999998,177.66,77.159999999999997,0.2957791654751688
203,356,132.63999999999999,86.409999999999997,118.33,0.52432357183672917
204,79,29.219999999999999,139.28999999999999,167.34999999999999,0.31693607402195961
205,148,57.270000000000003,121.8,69.260000000000005,0.45430574111908784
206,113,45.859999999999999,99.870000000000005,3.0699999999999998,0.51872364768622004
207,413,152.49000000000001,133.05000000000001,72.730000000000004,0.34020573970521295
208,21,6.7000000000000002,116.59999999999999,75.769999999999996,0.26449295443077031
209,217,81.989999999999995,118.84999999999999,144.69,0.44012687709852988
210,18,6.0899999999999999,160.71000000000001,142.78,0.184672196574512
211,487,175.47999999999999,76.469999999999999,147.66,0.35344225828096332
212,231,88.099999999999994,43.240000000000002,110.25,0.27810854835006804
213,455,166.03999999999999,111.39,150.47999999999999,0.25715216119196338
214,359,133.5,68.950000000000003,41.030000000000001,0.43347311825407941
215,343,126.84999999999999,56.049999999999997,136.88999999999999,0.34947725583706912
216,432,157.80000000000001,76.129999999999995,138.65000000000001,0.34822959645528045
217,201,73.849999999999994,44.619999999999997,109.72,0.2642347266439331
218,53,21.57,5.96,39.710000000000001,0.3321962996629455
219,245,92.219999999999999,15.16,2.0499999999999998,0.27168166739492355
220,447,163,147.88999999999999,77.739999999999995,0.29611090702711307
221,119,46.789999999999999,30.039999999999999,147.81999999999999,0.33509047883002563
222,209,77.019999999999996,170.28,8.3499999999999996,0.2871355198212483
223,419,154.19,39.619999999999997,67.230000000000004,0.28250160543432112
224,349,129.37,104.33,155.80000000000001,0.48485134712970257
225,296,105.88,50.979999999999997,139.38,0.35010625371123882
226,98,38.030000000000001,140.43000000000001,168.34999999999999,0.31682330386803242
227,140,54.93,147.86000000000001,126.55,0.29691498619660828
228,15,5.0499999999999998,36.490000000000002,12.460000000000001,0.2124997685044146
229,418,154.13,117.95999999999999,48.630000000000003,0.38290378817555154
230,200,73.810000000000002,6.0300000000000002,37.579999999999998,0.17067229839677661
231,263,96.140000000000001,153.34,83.930000000000007,0.24721373532483421
232,449,164.09,122.73,178.53999999999999,0.45234404236942072
233,403,148.99000000000001,167.09999999999999,136.44,0.25497007953101913
234,154,58.490000000000002,68.530000000000001,67.510000000000005,0.44295169616463437
235,379,139.59999999999999,97.400000000000006,69.890000000000001,0.44152334148352484
236,483,174.30000000000001,38.509999999999998,49.020000000000003,0.18218175466845826
237,234,88.510000000000005,51.039999999999999,143.33000000000001,0.33359502446609329
238,320,113.95999999999999,118.17,91.530000000000001,0.41625882231085942
239,327,116.06,179.11000000000001,28.68,0.21730414221888167
240,212,79.310000000000002,127.97,29.079999999999998,0.35507732423841021
241,48,17.800000000000001,121.92,114.72,0.40791977918047251
242,457,166.16,2.3999999999999999,28.260000000000002,0.17156215011061227
243,72,28.800000000000001,104.56999999999999,36.329999999999998,0.42830628759391587
244,120,47.259999999999998,138.27000000000001,118.72,0.31290340981724096
245,382,140.84,82.519999999999996,174.15000000000001,0.43376777084803853
246,317,113.53,32.490000000000002,104.08,0.2343923195790924
247,494,178.53,53.549999999999997,159.03,0.18776062122099155
248,240,90.950000000000003,45.909999999999997,15.75,0.37639457487705996
249,442,160.99000000000001,149.61000000000001,13.92,0.31779230411696557
250,297,105.94,93.810000000000002,2.6099999999999999,0.38973512127127152
251,402,148.65000000000001,148.18000000000001,89.469999999999999,0.18024345939743347
252,339,126,33.829999999999998,67.579999999999998,0.24119189627104104
253,197,72.769999999999996,141.84999999999999,50.189999999999998,0.30867761699116092
254,476,171.44,109.45999999999999,160.34999999999999,0.23918767233078292
255,462,166.86000000000001,75.519999999999996,106.92,0.3976393957296841
256,190,70.75,86.540000000000006,156.56,0.36783243775607294
257,150,57.909999999999997,45.590000000000003,9.6799999999999997,0.4012730757338826
258,155,58.93,15.27,140.31,0.22108711371714013
259,213,79.400000000000006,116.09999999999999,87.780000000000001,0.32874850359334162
260,114,46.049999999999997,75.180000000000007,85.159999999999997,0.41570443491631959
261,77,28.960000000000001,125.22,153.16,0.29508571142595319
262,94,35.439999999999998,150.05000000000001,145.90000000000001,0.23727680103727208
263,287,102.66,92.409999999999997,126.5,0.40573609246685816
264,430,157.22,22.629999999999999,0.47999999999999998,0.32296229585399955
265,222,84.090000000000003,93.680000000000007,29.09,0.34381312685490939
266,89,34.420000000000002,60.57,47.270000000000003,0.36833490009575465
267,97,36.969999999999999,11.550000000000001,82.739999999999995,0.23658257012273637
268,440,160.83000000000001,125.98999999999999,143.71000000000001,0.34464573665732334
269,444,162.30000000000001,101.63,120.17,0.36203070316117159
270,368,136.46000000000001,129.13,45.310000000000002,0.28271487332541295
271,129,50.32,132.72,100.86,0.3489199443445764
272,12,3.8700000000000001,91.439999999999998,4.1799999999999997,0.30985467766670866
273,254,94.700000000000003,119.45,83.980000000000004,0.33057296161508543
274,196,72.430000000000007,140.61000000000001,86.659999999999997,0.20168034344808533
275,180,66.730000000000004,169.78999999999999,9.3300000000000001,0.24245166450512678
276,164,60.729999999999997,31.52,135.80000000000001,0.33580387943453599
277,28,10.01,59.140000000000001,175.47,0.29952472074669645
278,115,46.100000000000001,40.859999999999999,15.08,0.178526255824977
279,373,137.97999999999999,126.26000000000001,149.71000000000001,0.33264336309857923
280,82,31.57,99.230000000000004,158.94999999999999,0.29493087396829354
281,311,110.72,122.15000000000001,79.790000000000006,0.38376393155930871
282,492,178.31999999999999,151.50999999999999,174.44,0.13480464069646259
283,124,48.859999999999999,109.31,139.13,0.38165314640947418
284,108,41.719999999999999,155.18000000000001,34.259999999999998,0.35151494886706458
285,334,124.65000000000001,56.390000000000001,154.83000000000001,0.35173831526278193
286,216,81.670000000000002,142.38,76.819999999999993,0.22925943385898828
287,438,160.12,44.859999999999999,79.810000000000002,0.32292479750276792
288,422,154.68000000000001,26.789999999999999,164.00999999999999,0.24187230218854122
289,361,134.34,98.349999999999994,153.49000000000001,0.3659082024814182
290,117,46.219999999999999,19.960000000000001,23.510000000000002,0.26647751349483328
291,178,65.579999999999998,40.340000000000003,27.699999999999999,0.31670012620842736
292,380,140.25999999999999,42.049999999999997,103.47,0.28911437377841931
293,428,156.81,42.920000000000002,149.87,0.22964825190755528
294,78,29.219999999999999,118.86,80.780000000000001,0.32648067874690911
295,174,64.040000000000006,148.50999999999999,100.94,0.23997339753835645
296,192,71.900000000000006,112.04000000000001,55.350000000000001,0.35447729620523549
297,32,10.66,36.590000000000003,130.16,0.22263559063343721
298,271,97.840000000000003,25.760000000000002,155.09,0.24113754475745586
299,151,57.93,145.03,154.53,0.28383005960330265
300,138,54.020000000000003,50.189999999999998,102.56,0.25183215162923034
301,116,46.119999999999997,169.37,61.740000000000002,0.23040195548868828
302,181,66.950000000000003,37.149999999999999,107.15000000000001,0.29994705008904299
303,286,102.59999999999999,55.439999999999998,134.15000000000001,0.3131929744481311
304,395,146.91999999999999,38.969999999999999,38.840000000000003,0.31861190942768125
305,210,77.390000000000001,54.590000000000003,141.22,0.32447918255480734
306,378,138.94,60.600000000000001,149.25,0.33726230021109893
307,445,162.34999999999999,147.37,154.69,0.31551558206331809
308,90,34.460000000000001,128.00999999999999,72.060000000000002,0.31806945056921998
309,233,88.359999999999999,171.41999999999999,178.69999999999999,0.22784350144624832
310,29,10.029999999999999,8.4900000000000002,34.840000000000003,0.17387025297392364
311,225,85.209999999999994,107.09999999999999,110.63,0.27408985782610801
312,39,13.34,145.43000000000001,152,0.26307241339498411
313,62,25.02,153.06999999999999,92.219999999999999,0.17577709981783965
314,194,71.959999999999994,178.59,85.319999999999993,0.16502120905754289
315,130,50.619999999999997,26.690000000000001,17.329999999999998,0.22257973432549613
316,278,100.31,57.170000000000002,80.159999999999997,0.29423610237538178
317,467,168.34999999999999,142.75999999999999,67.519999999999996,0.19516640157294862
318,147,56.700000000000003,4.0499999999999998,46.409999999999997,0.19860391021719373
319,238,90.510000000000005,160.25,70.430000000000007,0.19925905200556704
320,389,144.71000000000001,79.890000000000001,128.75,0.32092777859213062
321,86,33.939999999999998,153.31,67.230000000000004,0.24447827763311319
322,65,25.66,144.5,27.27,0.25781391896602635
323,237,89.540000000000006,45.939999999999998,115.03,0.27432538667067691
324,448,163.25,78.390000000000001,44.990000000000002,0.31005847154976268
325,166,60.829999999999998,52.329999999999998,58.399999999999999,0.2943434176705782
326,141,55.009999999999998,35.020000000000003,170.05000000000001,0.30083602531896525
327,199,73.370000000000005,12.94,25.440000000000001,0.26727976901798389
328,393,146.19,142.13999999999999,72.219999999999999,0.23757061916910679
329,259,95.459999999999994,130.84999999999999,155.05000000000001,0.30260187244728665
330,208,76.829999999999998,45.960000000000001,85.489999999999995,0.29179744745280023
331,61,25,80.25,44.210000000000001,0.31237337407997612
332,171,63.030000000000001,162.05000000000001,135.84,0.24505661926792732
333,109,41.920000000000002,78.969999999999999,12.109999999999999,0.31007736408832753
334,255,94.790000000000006,12.57,33.460000000000001,0.18758671917024616
335,316,113.16,33.049999999999997,161.68000000000001,0.30537307792506146
336,4,1.3899999999999999,16.010000000000002,83.530000000000001,0.14524943529445816
337,262,96.140000000000001,121.70999999999999,65.689999999999998,0.25865571514954366
338,377,138.78999999999999,25.760000000000002,125.95999999999999,0.21660528725818085
339,291,103.28,111.48999999999999,123.48999999999999,0.30203409611826249
340,223,84.340000000000003,95.129999999999995,38.390000000000001,0.30860973346083703
341,9,3.2599999999999998,122.66,42.840000000000003,0.17194660931487782
342,239,90.799999999999997,145.53999999999999,137.94,0.21422684479317111
343,369,136.66999999999999,34.810000000000002,173.84999999999999,0.2398727153975625
344,344,127.72,142.47999999999999,10.66,0.26955431560891874
345,332,124.13,37.670000000000002,78.129999999999995,0.21346725987629483
346,55,21.57,106.22,94.840000000000003,0.30207048207198051
347,121,47.710000000000001,16.690000000000001,150.56999999999999,0.28505330389197248
348,71,28.210000000000001,0.96999999999999997,37.530000000000001,0.14255190678425228
349,415,153.31999999999999,140.50999999999999,77.530000000000001,0.22237242592839226
350,400,148.25,69.730000000000004,140.66999999999999,0.27564650557472548
351,289,102.93000000000001,44.140000000000001,144.09999999999999,0.2640468991191256
352,274,98.709999999999994,143.25999999999999,124.03,0.23954243584745333
353,132,51.079999999999998,143,25.719999999999999,0.27298588635471088
354,431,157.44999999999999,47.32,40.240000000000002,0.26927918890770614
355,185,68.319999999999993,159.02000000000001,132.84999999999999,0.23492168440741573
356,42,15.390000000000001,39.060000000000002,89.299999999999997,0.25224224924050193
357,87,34,23.359999999999999,39.700000000000003,0.21456011739690978
358,127,49.600000000000001,126.45,156.78,0.24797325053214053
359,293,105.3,152.31999999999999,103.43000000000001,0.18390957427856841
360,478,173.34,153.66999999999999,24.48,0.15858906834358158
361,14,4.8700000000000001,107.73,18.899999999999999,0.22240626592228485
362,35,11.67,63.25,178.50999999999999,0.260851499195909
363,269,97.159999999999997,34.509999999999998,150.41,0.2224260065172961
364,404,149.16999999999999,51.060000000000002,160.28,0.2755982647982993
365,299,106.27,153.65000000000001,143.25,0.23233650288332058
366,107,41.670000000000002,64,151.97999999999999,0.27964795058474012
367,33,10.699999999999999,157.52000000000001,106.23999999999999,0.13150301653848015
368,285,102.13,172.50999999999999,69.219999999999999,0.1869084062903395
369,101,39.479999999999997,171.52000000000001,75.219999999999999,0.24478234700305493
370,188,70.049999999999997,92.459999999999994,15.09,0.26073040497516298
371,247,92.510000000000005,47.109999999999999,136.15000000000001,0.23893708035712447
372,80,29.949999999999999,82.180000000000007,25.52,0.26921162473533244
373,493,178.44999999999999,30.329999999999998,37.399999999999999,0.12326357455287876
374,143,55.689999999999998,15.02,24.940000000000001,0.18769074687329101
375,145,56.380000000000003,27.32,134.28,0.24958812154546628
376,454,165.90000000000001,174.78999999999999,83.060000000000002,0.1521047082715114
377,158,59.159999999999997,142.38,131.18000000000001,0.24501246833023499
378,57,23.379999999999999,27.760000000000002,16,0.22147280226037858
379,480,173.90000000000001,67.120000000000005,99.310000000000002,0.17209059390697595
380,310,109.69,137.40000000000001,95.939999999999998,0.21930776564463256
381,160,59.969999999999999,174.25,9.9299999999999997,0.18848978364251134
382,366,135.90000000000001,39.950000000000003,131.81,0.23596157420334191
383,345,128.25,138.65000000000001,105.23999999999999,0.24008161546594473
384,434,157.90000000000001,137.56999999999999,27.359999999999999,0.21382178164901525
385,76,28.879999999999999,30.550000000000001,105.47,0.19827268495271549
386,84,32.950000000000003,132.49000000000001,88.790000000000006,0.2121026070007751
387,456,166.13,132.56,67.230000000000004,0.23988240282086437
388,272,97.959999999999994,60.109999999999999,98.359999999999999,0.24370287816968761
389,235,88.840000000000003,139.47,24.329999999999998,0.2252901482360839
390,249,93.230000000000004,65.140000000000001,110.48999999999999,0.23709178939331957
391,469,169.28,145.91,129.69,0.19132488528507116
392,421,154.66,0.98999999999999999,4.1399999999999997,0.17334995677824888
393,496,179.02000000000001,103.61,119.41,0.21821465234090723
394,99,38.579999999999998,41.420000000000002,20.370000000000001,0.22861859486450073
395,485,174.97,35.149999999999999,154.41,0.16393897452001488
396,427,156.63999999999999,153.63,109.98,0.16721105302040545
397,131,50.880000000000003,165.88,151.81999999999999,0.15858227270603975
398,220,83.140000000000001,9.2699999999999996,46.420000000000002,0.16956790399254362
399,104,41.140000000000001,157.03,107.25,0.21317226064441452
400,471,169.84,154.63,28.079999999999998,0.15716333679745143
401,144,56.369999999999997,133.50999999999999,79.170000000000002,0.22896560149608505
402,193,71.939999999999998,96.409999999999997,168.31,0.22900231636792984
403,424,155.75999999999999,22.68,107.84,0.19730842084107936
404,336,125.39,156.86000000000001,98.209999999999994,0.21359078656990449
405,497,179.28999999999999,131.03,175.03999999999999,0.14715701640459933
406,264,96.170000000000002,42.280000000000001,74.799999999999997,0.21834431804121568
407,315,113.05,173.03999999999999,101.5,0.12979204178475448
408,397,147.72,32.829999999999998,68.689999999999998,0.22022745841896404
409,256,94.969999999999999,50.18,145.34,0.21751865769258896
410,16,5.1600000000000001,162.77000000000001,48.740000000000002,0.15636358882443313
411,338,125.89,141.22999999999999,35.890000000000001,0.20653842649979676
412,284,101.84999999999999,7.3300000000000001,49.240000000000002,0.18360385991760336
413,364,135.06999999999999,138.62,17.140000000000001,0.17616779563435178
414,460,166.66,16.5,56.670000000000002,0.14220019293264274
415,37,12.529999999999999,66.010000000000005,150.34,0.21057267427761367
416,66,26.289999999999999,142.31,156,0.2064867637727491
417,175,64.900000000000006,152.93000000000001,102.54000000000001,0.17536831420810067
418,11,3.6200000000000001,57.390000000000001,62.899999999999999,0.14449010568017381
419,365,135.55000000000001,165.74000000000001,96.609999999999999,0.20648127309294501
420,195,72.409999999999997,1.1000000000000001,4.9500000000000002,0.16095054956557497
421,276,99.420000000000002,145.28999999999999,33.039999999999999,0.20387906270756748
422,482,173.97999999999999,81.150000000000006,47.020000000000003,0.18761644037968425
423,409,150.83000000000001,6.8399999999999999,55.18,0.14545617630272151
424,252,93.980000000000004,173.75999999999999,148.21000000000001,0.14396179567331829
425,484,174.37,6.7199999999999998,83.390000000000001,0.12259452204601726
426,75,28.850000000000001,35.649999999999999,77.120000000000005,0.19561165073893161
427,204,75.650000000000006,30.010000000000002,127.37,0.15282341906305408
428,392,146.03999999999999,165.81,72.060000000000002,0.18367126964660432
429,95,36.350000000000001,152.84999999999999,135.66999999999999,0.18277997030412041
430,3,1.3200000000000001,146.78999999999999,98.359999999999999,0.11268709432273197
431,398,148.11000000000001,125.90000000000001,96.609999999999999,0.19207317674551627
432,470,169.41999999999999,149.74000000000001,25.309999999999999,0.17320760720322814
433,246,92.459999999999994,27.690000000000001,46.490000000000002,0.18536135365979567
434,308,109.29000000000001,160.30000000000001,122.84999999999999,0.14779952523326889
435,170,62.640000000000001,7.6299999999999999,139.78999999999999,0.15691900386419061
436,27,9.7899999999999991,24.510000000000002,61.780000000000001,0.12480630581917644
437,301,107.59,139.81,104.98999999999999,0.16399018298577062
438,251,93.840000000000003,19.239999999999998,108.29000000000001,0.134853330449419
439,60,24.390000000000001,20.559999999999999,134.66999999999999,0.14348384173005546
440,128,50.270000000000003,164.49000000000001,146.43000000000001,0.1550764658164937
441,207,76.640000000000001,33.780000000000001,138.63999999999999,0.17556848913491338
442,458,166.19,173.09,98.760000000000005,0.13122023710446962
443,13,4.7300000000000004,133.80000000000001,120.03,0.15028852105295487
444,357,132.72999999999999,136.38999999999999,18.059999999999999,0.15920199796000112
445,313,112.47,160.37,72.859999999999999,0.13950039472249004
446,391,145.74000000000001,152.91,67.629999999999995,0.17262245260949949
447,24,8.0199999999999996,69.379999999999995,145.53999999999999,0.1712355055507008
448,20,6.46,25.640000000000001,28.370000000000001,0.15251876237201417
449,17,6.04,110.65000000000001,98.909999999999997,0.16394848202895723
450,416,153.50999999999999,170.15000000000001,51.840000000000003,0.15412136928520251
451,8,3.1800000000000002,165.56,68.049999999999997,0.11739113768625556
452,433,157.90000000000001,23.289999999999999,72.989999999999995,0.16120507423697128
453,34,11.220000000000001,27.399999999999999,124.58,0.14507548875643728
454,221,83.819999999999993,2.4500000000000002,154.80000000000001,0.13059366924129823
455,435,158.44999999999999,38.109999999999999,160.78999999999999,0.16462555456088346
456,472,170.02000000000001,170.75999999999999,69.219999999999999,0.12484424460163313
457,340,126.54000000000001,13.01,147.87,0.13148797474948815
458,319,113.81999999999999,164.16,130.22999999999999,0.13823308160034303
459,229,87.530000000000001,9.7599999999999998,63.100000000000001,0.12894643817549903
460,429,157.02000000000001,29.25,38.560000000000002,0.15252907950973651
461,481,173.96000000000001,35.789999999999999,62.670000000000002,0.1361615575710374
462,156,58.93,167.56999999999999,58.109999999999999,0.15535592531686565
463,74,28.850000000000001,8.9299999999999997,127.84,0.13941373530743689
464,298,106.06999999999999,143.65000000000001,103.19,0.15060118976144943
465,189,70.650000000000006,173.59999999999999,95.079999999999998,0.13373337860881301
466,350,129.65000000000001,138.62,28,0.1491830012554613
467,464,167.75999999999999,160,58.549999999999997,0.12042805876818385
468,499,179.91999999999999,28.77,39.149999999999999,0.10810491179553885
469,10,3.4700000000000002,50.009999999999998,121.62,0.13494038003484415
470,488,176.27000000000001,167.16999999999999,106.06,0.1175970913987176
471,226,86.700000000000003,162.56,100.02,0.12412727928596942
472,362,134.47999999999999,136.33000000000001,27.670000000000002,0.14337998960202109
473,40,13.51,17.949999999999999,115.40000000000001,0.11952975112975985
474,182,67.459999999999994,7.9500000000000002,82.099999999999994,0.12713563210246404
475,7,2.3700000000000001,127.87,112.94,0.12830478831944744
476,333,124.64,164.06,43.520000000000003,0.12781587046168569
477,268,97.099999999999994,14.890000000000001,68.620000000000005,0.12707973123599869
478,67,26.68,154.12,37.549999999999997,0.13756466747355783
479,19,6.2199999999999998,10.93,66.359999999999999,0.11996011513800581
480,322,114.77,19.09,56.719999999999999,0.129335715078855
481,177,65.269999999999996,159.47,103.73999999999999,0.12603861661183732
482,206,76.530000000000001,21.010000000000002,112.73999999999999,0.12876372400356864
483,6,2.2999999999999998,115.29000000000001,81.5,0.12649345438137904
484,70,27.84,175.72999999999999,76.390000000000001,0.12791284252484028
485,498,179.31,157.84999999999999,22.890000000000001,0.10442157490349319
486,38,13.17,160.34999999999999,96.780000000000001,0.10424898381703393
487,341,126.61,14.01,133.56999999999999,0.11583253925729822
488,477,172.11000000000001,147.97999999999999,45.719999999999999,0.11262022870581531
489,184,68.150000000000006,164.16999999999999,85.790000000000006,0.11411118455765781
490,466,168.34,19.809999999999999,118.93000000000001,0.10729392239792111
491,228,87.329999999999998,166.78999999999999,103.06,0.10399116534838994
492,23,7,171.02000000000001,83.859999999999999,0.10745913378436553
493,0,0.29999999999999999,160.22,28.059999999999999,0.10068705989517546
494,489,176.72999999999999,143.38999999999999,81.939999999999998,0.092575555240970026
495,461,166.68000000000001,168.74000000000001,97.379999999999995,0.092661202967979764
496,265,96.200000000000003,13.17,102.77,0.09305701255799656
497,490,176.84,151.63999999999999,101.62,0.080884239898930219
498,463,167.41,15.83,85.260000000000005,0.08225792199116265
499,253,94.5,9.25,80.269999999999996,0.08214625997880938
500,491,177.31,23.859999999999999,64.200000000000003,0.077408152881636383
