sampling_measure,R,Theta_1,Theta_2,Phi,V_reference,V_candidate,absolute_disagreement,normalized_disagreement,gradient_disagreement_cm1_per_rad,reference_high_candidate_below_warning,reference_above_1000_candidate_below_1000,selection_reason
coordinate-uniform,4.4000000000000004,102.7295025987178,128.54186416525391,7.6175314032286412,1538.9862783719832,1524.8554353702314,14.130843001751828,0.91819161745224531,183.05212657846752,False,False,largest normalized disagreement
coordinate-uniform,4.4000000000000004,107.09831458065658,120.33529488377273,4.5273492092639209,1766.4548878213659,1750.0334670219074,16.421420799458474,0.92962582360150847,52.828150409767687,False,False,largest normalized disagreement
coordinate-uniform,4.4000000000000004,73.461364437527962,47.83136441487818,12.726728653460741,1986.5475856695434,1967.0265685989739,19.521017070569542,0.98266043116154211,29.853447596012636,False,False,largest normalized disagreement
coordinate-uniform,4.4000000000000004,72.403125957325088,48.693389015011491,6.7534760818630453,2079.3900389871951,2058.6296963656687,20.760342621526434,0.9983861724969183,85.788850619635639,False,False,largest normalized disagreement
coordinate-uniform,4.4000000000000004,75.564456003829832,43.967439788281915,7.3727085348218671,1870.1741210614859,1850.7969343816587,19.377186679827219,1.0361167156365625,102.27654906188646,False,False,largest normalized disagreement
coordinate-uniform,4.4000000000000004,178.60552229851484,1.0182799847424031,28.835760270729665,73785.998795956009,73891.543783558911,105.54498760290153,0.14304202602823088,330.36875664873116,False,False,largest absolute disagreement
coordinate-uniform,4.4000000000000004,1.3140147643536331,179.61712462484837,98.220539064221072,73785.759858063277,73891.707065579816,105.94720751653949,0.14358760785325386,316.99698673654206,False,False,largest absolute disagreement
coordinate-uniform,4.4000000000000004,0.37916326090693475,173.85679797604681,62.727098484523594,73464.815165691092,73571.311442893086,106.49627720199351,0.14496228835777222,90.040028714238957,False,False,largest absolute disagreement
coordinate-uniform,4.4000000000000004,0.69256086498498914,2.6738539944961666,176.78557330023497,73894.91758947917,74003.157349801244,108.23976032207429,0.14647794984141776,154.82658697938894,False,False,largest absolute disagreement
coordinate-uniform,4.4000000000000004,179.39144688360392,177.74192187342791,62.495524491146206,73862.672071400331,73971.060499525323,108.38842812499206,0.14674317227545863,155.92119130203199,False,False,largest absolute disagreement
coordinate-uniform,4.4000000000000004,6.3391298162564631,1.7381243187189099,8.1233307260647418,68962.296337768494,69006.759536017096,44.463198248602566,0.064474648626587944,823.8865583706621,False,False,largest gradient disagreement
coordinate-uniform,4.4000000000000004,174.15684130433948,6.2790657733753328,7.7188861086219553,70440.16478196645,70494.16452924737,53.999747280919109,0.076660449969225095,824.84224340664798,False,False,largest gradient disagreement
coordinate-uniform,4.4000000000000004,174.71839528486132,4.6068379422649741,135.31673415608702,69921.894932310592,69981.014490200963,59.119557890371652,0.084550851986496686,827.35407266913148,False,False,largest gradient disagreement
coordinate-uniform,4.4000000000000004,173.59135721404104,177.52917713955046,118.20298237994315,69312.691219264801,69356.555571105142,43.864351840340532,0.063284733385375838,830.04626358307814,False,False,largest gradient disagreement
coordinate-uniform,4.4000000000000004,5.3649097920209172,174.76221071373669,70.322471367828555,70468.413194562512,70527.266837295814,58.853642733301967,0.083517763584100735,836.5960181851367,False,False,largest gradient disagreement
coordinate-uniform,4.7999999999999998,91.497359277158978,96.526145621426409,136.39598937973381,96.535408310652343,95.978751804193649,0.55665650645869391,0.55665650645869391,8.3948651101980207,False,False,largest normalized disagreement
coordinate-uniform,4.7999999999999998,88.996508680097762,86.642559299245491,34.663662522956727,62.8263110288379,62.225811503146168,0.60049952569173115,0.60049952569173115,1.5923826616898287,False,False,largest normalized disagreement
coordinate-uniform,4.7999999999999998,90.43222825672477,99.490915471091881,45.660730538405474,110.98114936678583,110.30015053354489,0.68099883324093469,0.61361667015204147,2.7308203984661832,False,False,largest normalized disagreement
coordinate-uniform,4.7999999999999998,87.920335675701494,92.647123591303824,137.67731475021691,90.734035243792377,90.094755399926427,0.63927984386594972,0.63927984386594972,6.6609467861516007,False,False,largest normalized disagreement
coordinate-uniform,4.7999999999999998,89.798874444700786,94.95337929736823,45.966399255618448,98.812525892721496,98.081720402415129,0.73080549030636632,0.73080549030636632,3.342426599250655,False,False,largest normalized disagreement
coordinate-uniform,4.7999999999999998,178.60552229851484,1.0182799847424031,28.835760270729665,35859.37957093872,35877.248434489178,17.868863550458627,0.04983037566255042,54.225591042048009,False,False,largest absolute disagreement
coordinate-uniform,4.7999999999999998,0.37916326090693475,173.85679797604681,62.727098484523594,35796.314575279954,35814.258569890146,17.943994610192021,0.050128050395958072,17.185704839179309,False,False,largest absolute disagreement
coordinate-uniform,4.7999999999999998,1.3140147643536331,179.61712462484837,98.220539064221072,35862.970601804685,35880.922402610442,17.951800805756648,0.050056647579699604,51.380099548107964,False,False,largest absolute disagreement
coordinate-uniform,4.7999999999999998,0.69256086498498914,2.6738539944961666,176.78557330023497,35908.937193601283,35927.221459231238,18.284265629954461,0.050918426049135726,27.193871356706453,False,False,largest absolute disagreement
coordinate-uniform,4.7999999999999998,179.39144688360392,177.74192187342791,62.495524491146206,35902.891784468768,35921.235073110009,18.343288641241088,0.05109139606736695,24.623876779199207,False,False,largest absolute disagreement
coordinate-uniform,4.7999999999999998,6.3391298162564631,1.7381243187189099,8.1233307260647418,34023.138858402359,34031.124765273882,7.9859068715231842,0.023471987416443157,136.01047221705247,False,False,largest gradient disagreement
coordinate-uniform,4.7999999999999998,6.550074204839766,7.2330083651840686,152.99169526901096,34096.69999218209,34103.737832660103,7.037840478013095,0.020640825885281495,136.03600318787537,False,False,largest gradient disagreement
coordinate-uniform,4.7999999999999998,5.3649097920209172,174.76221071373669,70.322471367828555,34581.87849268291,34592.032017937345,10.153525254434498,0.029360826239045564,137.40782296315015,False,False,largest gradient disagreement
coordinate-uniform,4.7999999999999998,173.59135721404104,177.52917713955046,118.20298237994315,34102.078527884281,34109.794241525902,7.7157136416208232,0.022625347118686349,137.82003113502762,False,False,largest gradient disagreement
coordinate-uniform,4.7999999999999998,174.15684130433948,6.2790657733753328,7.7188861086219553,34491.755880211378,34500.537312089924,8.7814318785458454,0.025459509539158983,141.08537118415796,False,False,largest gradient disagreement
coordinate-uniform,5,90.43222825672477,99.490915471091881,45.660730538405474,-27.25425135475043,-27.666862963462478,0.41261160871204794,0.41261160871204794,2.167699363590351,False,False,largest normalized disagreement
coordinate-uniform,5,92.611759630031884,77.275326596237733,143.76456509884446,-29.782591280887189,-30.202913028230444,0.42032174734325523,0.42032174734325523,2.061841836228532,False,False,largest normalized disagreement
coordinate-uniform,5,89.798874444700786,94.95337929736823,45.966399255618448,-36.742920859658348,-37.17891708735003,0.43599622769168178,0.43599622769168178,2.307684204443647,False,False,largest normalized disagreement
coordinate-uniform,5,87.920335675701494,92.647123591303824,137.67731475021691,-43.849767995434206,-44.288356062139584,0.43858806670537831,0.43858806670537831,3.9557940129437976,False,False,largest normalized disagreement
coordinate-uniform,5,88.996508680097762,86.642559299245491,34.663662522956727,-66.798702061106567,-67.295486380862016,0.49678431975544868,0.49678431975544868,0.95568352330551831,False,False,largest normalized disagreement
coordinate-uniform,5,178.60552229851484,1.0182799847424031,28.835760270729665,25323.501937678659,25331.416568903696,7.9146312250377377,0.031254094494970359,23.37586970256104,False,False,largest absolute disagreement
coordinate-uniform,5,0.37916326090693475,173.85679797604681,62.727098484523594,25290.686054033951,25298.611897237348,7.9258432033966528,0.031338980628927829,7.966579474529861,False,False,largest absolute disagreement
coordinate-uniform,5,1.3140147643536331,179.61712462484837,98.220539064221072,25326.56385386637,25334.518064465803,7.9542105994332815,0.031406592087773431,22.003080949761156,False,False,largest absolute disagreement
coordinate-uniform,5,0.69256086498498914,2.6738539944961666,176.78557330023497,25357.676075405823,25365.763242892939,8.0871674871159485,0.031892384235318857,12.119218147152647,False,False,largest absolute disagreement
coordinate-uniform,5,179.39144688360392,177.74192187342791,62.495524491146206,25354.812592848877,25362.933038663283,8.1204458144056844,0.032027236583464201,10.404069021101346,False,False,largest absolute disagreement
coordinate-uniform,5,6.3391298162564631,1.7381243187189099,8.1233307260647418,24101.80057453605,24105.466433759982,3.6658592239327845,0.015209897752642702,59.435343061023396,False,False,largest gradient disagreement
coordinate-uniform,5,5.3649097920209172,174.76221071373669,70.322471367828555,24470.189993298907,24474.756721280581,4.5667279816734663,0.018662413258434249,59.584482990685011,False,False,largest gradient disagreement
coordinate-uniform,5,6.550074204839766,7.2330083651840686,152.99169526901096,24130.071999392778,24133.158646090145,3.0866466973675415,0.01279170114969079,60.062073785973112,False,False,largest gradient disagreement
coordinate-uniform,5,173.59135721404104,177.52917713955046,118.20298237994315,24144.467333511002,24147.983747656068,3.5164141450659372,0.014564057663783601,60.269199526375246,False,False,largest gradient disagreement
coordinate-uniform,5,174.15684130433948,6.2790657733753328,7.7188861086219553,24395.723858306817,24399.586299304498,3.8624409976800962,0.015832450884071321,62.226655900832029,False,False,largest gradient disagreement
coordinate-uniform,5.7999999999999998,62.450472694672648,147.8317246342823,12.475605329386889,65.584953134941941,65.362466245532019,0.22248688940992167,0.22248688940992167,1.2700817639768087,False,False,largest normalized disagreement
coordinate-uniform,5.7999999999999998,115.67201176017524,116.26262556564062,8.4564752454310668,92.132206953055288,92.36237591471513,0.23016896165984235,0.23016896165984235,1.6128017469464426,False,False,largest normalized disagreement
coordinate-uniform,5.7999999999999998,117.40271409038453,65.877169053442771,174.99225070785732,118.45306325590616,118.7279093571059,0.27484610119974207,0.23202954287975158,0.79802300129988457,False,False,largest normalized disagreement
coordinate-uniform,5.7999999999999998,64.13997470587492,30.070303766615687,159.69077207811176,53.884930790023375,53.651506817874107,0.23342397214926791,0.23342397214926791,0.20062124577993826,False,False,largest normalized disagreement
coordinate-uniform,5.7999999999999998,114.51903355948626,27.850661884658038,7.8926128210499877,40.233068714394712,39.989392853845949,0.24367586054876256,0.24367586054876256,1.0598344970781317,False,False,largest normalized disagreement
coordinate-uniform,5.7999999999999998,0.37916326090693475,173.85679797604681,62.727098484523594,5754.145639708202,5754.5134973259419,0.36785761773990089,0.0063929146179649921,0.32088722853466362,False,False,largest absolute disagreement
coordinate-uniform,5.7999999999999998,178.60552229851484,1.0182799847424031,28.835760270729665,5758.7236629457338,5759.0950893203553,0.37142637462147832,0.0064498037475110284,0.72402531416737248,False,False,largest absolute disagreement
coordinate-uniform,5.7999999999999998,1.3140147643536331,179.61712462484837,98.220539064221072,5759.7326140251735,5760.1055992035199,0.37298517834642553,0.006475737735432233,0.66907141244610724,False,False,largest absolute disagreement
coordinate-uniform,5.7999999999999998,0.69256086498498914,2.6738539944961666,176.78557330023497,5766.2529515997558,5766.628832499624,0.37588089986820705,0.0065186335567177086,0.40397875543154266,False,False,largest absolute disagreement
coordinate-uniform,5.7999999999999998,179.39144688360392,177.74192187342791,62.495524491146206,5766.2831919901628,5766.6607765818817,0.37758459171891445,0.006548145124807783,0.30937916114510661,False,False,largest absolute disagreement
coordinate-uniform,5.7999999999999998,61.213353572376079,88.31802544310689,57.365218480937187,98.184513250245743,98.17372110881341,0.010792141432332869,0.010792141432332869,3.0960574510710188,False,False,largest gradient disagreement
coordinate-uniform,5.7999999999999998,58.851690194606789,91.468724903203551,53.449386491551998,144.60193134802051,144.4354338169214,0.16649753109911103,0.11514198292303117,3.3026372715311552,False,False,largest gradient disagreement
coordinate-uniform,5.7999999999999998,47.542676261365408,96.559111464545126,54.051101673468949,551.54813265802784,551.49012596150578,0.0580066965220567,0.010517068790081852,3.4823723560077946,False,False,largest gradient disagreement
coordinate-uniform,5.7999999999999998,132.33825200267137,92.679427249990411,54.32919922593981,561.147203480298,561.01069726616913,0.13650621412887176,0.024326275401934622,3.604127427328911,False,False,largest gradient disagreement
coordinate-uniform,5.7999999999999998,119.34359606813639,83.736632516719396,56.716913320720195,97.215986693882144,97.148985740335817,0.067000953546326514,0.067000953546326514,3.6296426163845266,False,False,largest gradient disagreement
coordinate-uniform,6.5999999999999996,111.8651188134402,95.763725070320078,99.710330567099163,-81.819775787746849,-81.717470986237487,0.10230480150936216,0.10230480150936216,0.76184028594409614,False,False,largest absolute disagreement; largest normalized disagreement
coordinate-uniform,6.5999999999999996,106.37192402321845,96.674783273264765,88.014442657046018,-91.169210008109786,-91.062867965318617,0.10634204279116943,0.10634204279116943,0.87087598192824911,False,False,largest absolute disagreement; largest normalized disagreement
coordinate-uniform,6.5999999999999996,110.13167305212468,79.310206306613992,89.307404605597256,-82.624867815422874,-82.513659276516137,0.11120853890673743,0.11120853890673743,0.42495211873853606,False,False,largest absolute disagreement; largest normalized disagreement
coordinate-uniform,6.5999999999999996,73.509015282802281,92.133832784257834,87.730862926840786,-92.088261633910989,-91.973187923479017,0.11507371043197168,0.11507371043197168,0.9120293121118852,False,False,largest absolute disagreement; largest normalized disagreement
coordinate-uniform,6.5999999999999996,70.076130393929787,86.001541681140665,89.245778456591069,-84.301476875062406,-84.169634165095687,0.13184270996671899,0.13184270996671899,0.36447005254072296,False,False,largest absolute disagreement; largest normalized disagreement
coordinate-uniform,6.5999999999999996,17.233784601576627,84.405253421701488,50.373197168111801,614.81368101529279,614.80340915088061,0.010271864412175091,0.0016707280155529899,1.0218928513868912,False,False,largest gradient disagreement
coordinate-uniform,6.5999999999999996,66.694212960787127,101.610317386128,88.306322278529407,-74.265772894543261,-74.199048456951274,0.06672443759198643,0.06672443759198643,1.0414005650067659,False,False,largest gradient disagreement
coordinate-uniform,6.5999999999999996,65.296403526552027,99.056923173777747,91.237876334711899,-69.440343317381902,-69.396198469312964,0.044144848068938813,0.044144848068938813,1.0894353078401231,False,False,largest gradient disagreement
coordinate-uniform,6.5999999999999996,75.898255848214035,87.173710348047322,99.873353749103842,-97.634684820951236,-97.578547611158839,0.056137209792396447,0.056137209792396447,1.0948024029073913,False,False,largest gradient disagreement
coordinate-uniform,6.5999999999999996,115.17592570256443,94.476901795640586,90.12083460543306,-68.852254349687257,-68.811019373016421,0.041234976670835977,0.041234976670835977,1.1456543404736306,False,False,largest gradient disagreement
solid-angle,4.4000000000000004,88.902217037983405,125.07825373381029,39.309082560651007,1000.1652398646314,999.48739191504171,0.67784794958970451,0.067773596059132052,5.246460976651024,False,True,reference-above-1000 / candidate-below-1000
solid-angle,4.4000000000000004,107.1136434544412,135.40560622239832,9.7623293794691559,2129.038582654844,2109.4411664429526,19.597416211891414,0.92048196644017843,75.381999894686771,False,False,largest normalized disagreement
solid-angle,4.4000000000000004,107.04938212873145,59.847541353341889,175.643361033909,1757.0557693527205,1740.7812132011554,16.274556151565093,0.9262401589882634,53.981482618745858,False,False,largest normalized disagreement
solid-angle,4.4000000000000004,89.1950738625642,89.757417761022111,89.895494481213376,784.60874420783978,792.4200318829478,7.8112876751080194,0.99556469804507297,19.770166253698914,False,False,largest normalized disagreement
solid-angle,4.4000000000000004,104.80165283964854,127.13156667955674,12.120342879630625,1688.9750662420122,1671.8017642463747,17.17330199563753,1.01678836703305,100.71810210091476,False,False,largest normalized disagreement
solid-angle,4.4000000000000004,73.257353200130126,135.63910396562093,177.05585379727185,2090.8173477491077,2069.3827193459451,21.434628403162606,1.025179383853797,57.985743696683045,False,False,largest normalized disagreement
solid-angle,4.4000000000000004,169.105499978495,148.63449974499153,165.80493341468275,58535.326596304534,58575.991958432518,40.665362127983826,0.069471487548770458,535.10535993609051,False,False,largest absolute disagreement; largest gradient disagreement
solid-angle,4.4000000000000004,5.7907223565212895,166.04122746435431,110.57264237757772,66945.218874277067,66990.292237370319,45.073363093251828,0.067328726160264682,710.01059393121136,False,False,largest absolute disagreement; largest gradient disagreement
solid-angle,4.4000000000000004,173.89718945533289,19.856756799982016,64.314351724237213,66203.313042139533,66249.290774919224,45.977732779690996,0.069449292893280723,567.84438106204675,False,False,largest absolute disagreement; largest gradient disagreement
solid-angle,4.4000000000000004,173.04056119068093,158.89110417531168,139.19173355799168,65817.966537581364,65866.371943467806,48.405405886442168,0.07354436551728348,502.96178393324266,False,False,largest absolute disagreement
solid-angle,4.4000000000000004,173.40779409650636,32.124425245150867,35.050859059542418,62001.715942937124,62059.24147250122,57.52552956409636,0.092780544359513537,125.08585618342106,False,False,largest absolute disagreement
solid-angle,4.4000000000000004,164.66998215560903,78.096555916598177,1.9806966300308708,42225.854907776265,42231.621279517087,5.7663717408213415,0.013656021301203811,510.70061463345257,False,False,largest gradient disagreement
solid-angle,4.4000000000000004,171.4583019296509,166.32438806037123,76.648486550934606,63190.496236156912,63205.682303112269,15.186066955357092,0.024032200821154162,511.29919395813505,False,False,largest gradient disagreement
solid-angle,4.7999999999999998,88.332923693233667,99.724484038602697,141.0382477293536,96.411560173323636,95.781765982460513,0.62979419086312305,0.62979419086312305,1.6430850248462578,False,False,largest normalized disagreement
solid-angle,4.7999999999999998,91.319939977040605,99.563856746423397,40.232575543262058,97.701170270529104,97.048298351723091,0.6528719188060137,0.6528719188060137,1.1229914664456677,False,False,largest normalized disagreement
solid-angle,4.7999999999999998,89.721354861318943,92.102090880004411,50.894676610082385,110.84926003891081,110.11152987368628,0.73773016522453361,0.66552556594926493,2.5869980829150068,False,False,largest normalized disagreement
solid-angle,4.7999999999999998,90.811098372458005,91.931411047354203,130.65033150471746,106.51392102583907,105.79461880936202,0.71930221647704684,0.67531286948168234,4.9513122768961697,False,False,largest normalized disagreement
solid-angle,4.7999999999999998,88.386682654457118,83.478414411361328,44.432712185829878,102.42755587102016,101.72746648978348,0.70008938123667974,0.6834971070853757,3.7866056278874156,False,False,largest normalized disagreement
solid-angle,4.7999999999999998,160.21488620849405,41.188235912328317,5.1339747279882433,22195.008168814056,22188.72697846451,6.2811903495457955,0.028300013686732597,35.027789948843569,False,False,largest absolute disagreement
solid-angle,4.7999999999999998,159.24174077466208,137.4773949927266,173.03039163742216,21276.405587701029,21269.661445098562,6.7441426024670363,0.031697753526401723,17.045622734103748,False,False,largest absolute disagreement
solid-angle,4.7999999999999998,22.33987574303524,137.37743437504275,5.7810646007582545,19952.79830277268,19946.028438650086,6.7698641225942993,0.033929396868877013,22.520365648949099,False,False,largest absolute disagreement
solid-angle,4.7999999999999998,173.89718945533289,19.856756799982016,64.314351724237213,33236.618318276138,33243.679284796577,7.0609665204392513,0.021244539540163053,91.015239564395586,False,False,largest absolute disagreement; largest gradient disagreement
solid-angle,4.7999999999999998,5.7907223565212895,166.04122746435431,110.57264237757772,33531.80080585336,33540.166221037194,8.365415183834557,0.024947706305037686,108.83590512817281,False,False,largest absolute disagreement; largest gradient disagreement
solid-angle,4.7999999999999998,173.04056119068093,158.89110417531168,139.19173355799168,32965.650712000184,32971.317354728664,5.6666427284799283,0.01718953700621827,88.260728274415925,False,False,largest gradient disagreement
solid-angle,4.7999999999999998,164.66998215560903,78.096555916598177,1.9806966300308708,22564.314711279792,22564.548567657021,0.23385637722822139,0.0010363992003325398,90.166389915975302,False,False,largest gradient disagreement
solid-angle,4.7999999999999998,164.49162899883046,90.580236043795551,172.26395448099822,21895.772279436311,21895.77754575761,0.0052663212991319597,2.405177233267945e-05,90.252119764349715,False,False,largest gradient disagreement
solid-angle,5,89.846467090969469,84.765236524021887,149.80729617577046,-76.867696531051649,-77.296507759084406,0.42881122803275673,0.42881122803275673,1.7239484571664676,False,False,largest normalized disagreement
solid-angle,5,88.386682654457118,83.478414411361328,44.432712185829878,-34.093320963915957,-34.542611264204915,0.44929030028895767,0.44929030028895767,1.9664706502749112,False,False,largest normalized disagreement
solid-angle,5,88.332923693233667,99.724484038602697,141.0382477293536,-39.677340060451847,-40.145492690084637,0.46815262963279025,0.46815262963279025,0.98922614159623568,False,False,largest normalized disagreement
solid-angle,5,91.319939977040605,99.563856746423397,40.232575543262058,-38.461074910001379,-38.93008924545429,0.46901433545291127,0.46901433545291127,0.58685461730152433,False,False,largest normalized disagreement
solid-angle,5,91.261771168521989,83.522763830601122,145.23958694435657,-60.554108208867611,-61.039475533405913,0.48536732453830211,0.48536732453830211,0.72339540869178542,False,False,largest normalized disagreement
solid-angle,5,160.21488620849405,41.188235912328317,5.1339747279882433,15852.838554334263,15850.143925852899,2.6946284813639068,0.016997766501742232,17.778614454582762,False,False,largest absolute disagreement
solid-angle,5,159.24174077466208,137.4773949927266,173.03039163742216,15198.031457639714,15195.057788870137,2.9736687695767614,0.019566144325105762,10.618154633810891,False,False,largest absolute disagreement
solid-angle,5,173.89718945533289,19.856756799982016,64.314351724237213,23611.074717881489,23614.085494582876,3.0107767013869307,0.01275154450765752,39.118525528479751,False,False,largest absolute disagreement
solid-angle,5,22.33987574303524,137.37743437504275,5.7810646007582545,14249.099062920943,14246.027806306018,3.0712566149250051,0.021554040724701257,8.1634043592331214,False,False,largest absolute disagreement
solid-angle,5,5.7907223565212895,166.04122746435431,110.57264237757772,23817.678942774637,23821.522540019978,3.8435972453407885,0.016137581057228866,46.132609548473539,False,False,largest absolute disagreement; largest gradient disagreement
solid-angle,5,164.66998215560903,78.096555916598177,1.9806966300308708,16097.920783742324,16097.960178443016,0.0393947006923554,0.00024471918592207912,40.392516034564721,False,False,largest gradient disagreement
solid-angle,5,14.271748430437823,85.725417384198124,4.1753063343465335,16082.021156228855,16080.789930555813,1.2312256730419904,0.0076559137752726719,40.510442438410188,False,False,largest gradient disagreement
solid-angle,5,16.696826052858849,90.743844351220744,3.3903616416826843,15060.24625914941,15060.980749063756,0.73448991434634081,0.0048770113164658454,42.555823745510978,False,False,largest gradient disagreement
solid-angle,5,164.49162899883046,90.580236043795551,172.26395448099822,15612.909638745454,15612.637923416925,0.27171532852844393,0.0017403247364869594,46.137564950505521,False,False,largest gradient disagreement
solid-angle,5.7999999999999998,64.703773743078827,155.77629931944264,2.0976861155033109,67.363240070238049,67.119683281991158,0.24355678824689164,0.24355678824689164,0.67578654708643104,False,False,largest normalized disagreement
solid-angle,5.7999999999999998,63.768588571473877,152.73888533834503,14.569993637390436,68.82867256130433,68.584211305633985,0.24446125567034471,0.24446125567034471,0.31683174766471289,False,False,largest normalized disagreement
solid-angle,5.7999999999999998,115.64580835831498,154.81490762236069,170.75182119660082,68.551186955963757,68.305189723933651,0.24599723203010626,0.24599723203010626,0.39648560131871657,False,False,largest normalized disagreement
solid-angle,5.7999999999999998,64.648174837859301,29.338424200015336,172.14525984551759,43.719555217073733,43.464608586719258,0.25494663035447473,0.25494663035447473,0.398162477874766,False,False,largest normalized disagreement
solid-angle,5.7999999999999998,115.71421863129295,29.923435572711405,3.4919847007468343,44.940216069841043,44.681537303860964,0.25867876598007911,0.25867876598007911,0.16977198361372586,False,False,largest normalized disagreement
solid-angle,5.7999999999999998,53.396408977737316,80.572250213971571,60.845290786363186,337.20061429864808,336.90896613506402,0.29164816358405687,0.086490994149184194,1.1049697117047517,False,False,largest absolute disagreement
solid-angle,5.7999999999999998,128.75267743379032,92.070909616657403,118.21074522927402,397.21931652873167,396.92747881198216,0.29183771674951231,0.073470172422594945,1.8576057111819644,False,False,largest absolute disagreement
solid-angle,5.7999999999999998,55.307231148008754,88.553016334224935,52.677539432197818,251.40181453918004,251.09194641374043,0.30986812543960696,0.12325612128440511,1.6118069996161899,False,False,largest absolute disagreement
solid-angle,5.7999999999999998,126.93457110796626,96.653652539737607,56.624631110876798,341.53717757011509,341.20384250081827,0.33333506929682244,0.097598472783652135,0.47258938591342459,False,False,largest absolute disagreement
solid-angle,5.7999999999999998,126.07274126099593,86.883002760391335,57.245881068147725,292.26071794390202,291.91107285722899,0.34964508667303562,0.1196346498882372,0.22403827274352417,False,False,largest absolute disagreement
solid-angle,5.7999999999999998,118.87355232583387,85.064082798144852,53.137591982781885,84.103315542612805,84.060670282653021,0.042645259959783743,0.042645259959783743,3.3342393476488601,False,False,largest gradient disagreement
solid-angle,5.7999999999999998,45.475899116701051,85.265834221818736,55.27331077136099,679.30939083631336,679.29326189724645,0.016128939066902603,0.002374314161481839,3.3562073469223432,False,False,largest gradient disagreement
solid-angle,5.7999999999999998,131.62369925982151,98.344810942319512,126.88422212574631,507.64864652529985,507.5615475945404,0.087098930759452742,0.01715732551551518,3.3694253919777162,False,False,largest gradient disagreement
solid-angle,5.7999999999999998,48.878147196506148,85.858539897973898,125.49112945899367,491.04365853578491,490.87951612221934,0.16414241356557113,0.033427254524580979,3.4940423577113093,False,False,largest gradient disagreement
solid-angle,5.7999999999999998,120.27256719962698,95.836280064509268,121.141009715572,122.04423381483379,121.923694425151,0.12053938968278999,0.098766968266336158,3.6021406455949183,False,False,largest gradient disagreement
solid-angle,6.5999999999999996,69.407420997855596,92.891562878456199,96.361604668535279,-82.762731132194219,-82.641406245586992,0.12132488660722629,0.12132488660722629,0.56009502583129878,False,False,largest absolute disagreement; largest normalized disagreement
solid-angle,6.5999999999999996,107.9081103818945,83.990457319321337,93.889391624182466,-88.174937574835369,-88.051832484295247,0.12310509054012186,0.12310509054012186,0.42331155607822046,False,False,largest absolute disagreement; largest normalized disagreement
solid-angle,6.5999999999999996,70.156818314140637,83.569378842925019,95.751918679922824,-85.594170643765366,-85.469650256695815,0.12452038706955193,0.12452038706955193,0.26596224173797611,False,False,largest absolute disagreement; largest normalized disagreement
solid-angle,6.5999999999999996,109.48162893699043,83.403835304834317,85.510623439326878,-86.050593851780789,-85.923945596252892,0.12664825552789694,0.12664825552789694,0.19095866041088619,False,False,largest absolute disagreement; largest normalized disagreement
solid-angle,6.5999999999999996,110.21808010957436,92.958395057581015,84.892129628174004,-83.638864825150677,-83.512179220120316,0.12668560503036019,0.12668560503036019,0.45439188831054328,False,False,largest absolute disagreement; largest normalized disagreement
solid-angle,6.5999999999999996,77.12509744504753,85.098949390651555,95.334488020129498,-98.189314820667448,-98.152012358361077,0.037302462306371353,0.037302462306371353,1.0852599950112352,False,False,largest gradient disagreement
solid-angle,6.5999999999999996,103.46164152827383,85.493347503544356,83.120633357428019,-97.782528476846906,-97.735407958576701,0.047120518270205025,0.047120518270205025,1.1257397894551449,False,False,largest gradient disagreement
solid-angle,6.5999999999999996,103.52026962813635,97.69289393118251,91.123169193863859,-95.959873884605855,-95.909452095176576,0.050421789429279329,0.050421789429279329,1.1298323492875597,False,False,largest gradient disagreement
solid-angle,6.5999999999999996,75.244658445229149,92.539310041553847,82.28119965266437,-96.029524967805514,-95.955724241978217,0.073800725827297242,0.073800725827297242,1.1451411718795201,False,False,largest gradient disagreement
solid-angle,6.5999999999999996,105.32387365779915,92.36071661971485,93.268243052400649,-94.270431662834355,-94.17775832907914,0.092673333755215026,0.092673333755215026,1.151197732360445,False,False,largest gradient disagreement
